{"cameraMode":{"drawMode":0,"name":"Shaded","section":"Shading Mode"},"sceneLighting":false,"audioPlay":false,"sceneViewState":{"m_AlwaysRefresh":false,"showFog":true,"showSkybox":false,"showFlares":true,"showImageEffects":true,"showParticleSystems":true,"showVisualEffectGraphs":true,"m_FxEnabled":true},"in2DMode":false,"pivot":{"x":-5.205255031585693,"y":0.7958580851554871,"z":3.968649387359619},"rotation":{"x":0.10962922871112824,"y":0.8504483103752136,"z":-0.19598910212516786,"w":0.47570616006851199},"size":1.8568344116210938,"orthographic":false}